
INSERT INTO customers (customer_id, cccd, address, point, date_of_birth, email, first_name, gender, last_name, phone_number) VALUES
                                                                                                                                 ('C001', '123456789012', '123 Đường Láng, Đống Đa, Hà Nội', 100, '1990-05-15 00:00:00', 'nguyenvana@gmail.com', 'Văn', 1, 'Nguyễn', '0901234567'),
                                                                                                                                 ('C002', '234567890123', '456 Lê Lợi, Quận 1, TP.HCM', 50, '1985-10-20 00:00:00', 'tranb@gmail.com', 'Thị', 0, 'Trần', '0912345678'),
                                                                                                                                 ('C003', '345678901234', '789 Nguyễn Huệ, Đà Nẵng', 0, '1995-03-10 00:00:00', 'lethic@gmail.com', 'Thị', 0, 'Lê', '0923456789'),
                                                                                                                                 ('C004', '456789012345', '101 Hai Bà Trưng, Huế', 200, '1988-07-25 00:00:00', 'phamd@gmail.com', 'Đình', 1, 'Phạm', '0934567890'),
                                                                                                                                 ('C005', '567890123456', '202 Trần Phú, Nha Trang', 150, '1992-11-30 00:00:00', 'hoangvane@gmail.com', 'Văn', 1, 'Hoàng', '0945678901'),
                                                                                                                                 ('C006', '678901234567', '12 Nguyễn Văn Cừ, Hà Nội', 120, '1993-02-12 00:00:00', 'dinhthif@gmail.com', 'Thị', 0, 'Đinh', '0961234500'),
                                                                                                                                 ('C007', '789012345678', '34 Trần Khát Chân, Hà Nội', 80, '1987-08-18 00:00:00', 'vuthig@gmail.com', 'Thị', 0, 'Vũ', '0972345601'),
                                                                                                                                 ('C008', '890123456789', '56 Phạm Ngọc Thạch, TP.HCM', 30, '1998-04-25 00:00:00', 'buitrung@gmail.com', 'Trung', 1, 'Bùi', '0983456702'),
                                                                                                                                 ('C009', '901234567890', '78 Nguyễn Thị Minh Khai, TP.HCM', 90, '1991-09-10 00:00:00', 'ngothih@gmail.com', 'Thị', 0, 'Ngô', '0994567803'),
                                                                                                                                 ('C010', '012345678901', '90 Lê Đại Hành, Đà Nẵng', 200, '1989-12-05 00:00:00', 'truongvanh@gmail.com', 'Văn', 1, 'Trương', '0905678904'),
                                                                                                                                 ('C011', '123450987654', '112 Nguyễn Huệ, Huế', 150, '1994-06-20 00:00:00', 'dothik@gmail.com', 'Thị', 0, 'Đỗ', '0916789015'),
                                                                                                                                 ('C012', '234561098765', '134 Trần Phú, Nha Trang', 60, '1986-03-15 00:00:00', 'phamvani@gmail.com', 'Văn', 1, 'Phạm', '0927890126'),
                                                                                                                                 ('C013', '345672109876', '156 Hùng Vương, Hải Phòng', 0, '1996-11-30 00:00:00', 'lethij@gmail.com', 'Thị', 0, 'Lê', '0938901237'),
                                                                                                                                 ('C014', '456783210987', '178 Nguyễn Văn Linh, Cần Thơ', 180, '1990-01-22 00:00:00', 'nguyenvank@gmail.com', 'Văn', 1, 'Nguyễn', '0949012348'),
                                                                                                                                 ('C015', '567894321098', '200 Lý Thường Kiệt, Vũng Tàu', 50, '1988-07-08 00:00:00', 'tranthing1@gmail.com', 'Thị', 0, 'Trần', '0950123459'),
                                                                                                                                 ('C016', '678905432109', '22 Điện Biên Phủ, Hà Nội', 130, '1995-05-17 00:00:00', 'hoangvanh1@gmail.com', 'Văn', 1, 'Hoàng', '0961234560'),
                                                                                                                                 ('C017', '789016543210', '44 Nguyễn Du, TP.HCM', 70, '1987-10-12 00:00:00', 'vuthil1@gmail.com', 'Thị', 0, 'Vũ', '0972345671'),
                                                                                                                                 ('C018', '890127654321', '66 Lê Lợi, Đà Nẵng', 20, '1999-03-20 00:00:00', 'buitrungm1@gmail.com', 'Trung', 1, 'Bùi', '0983456782'),
                                                                                                                                 ('C019', '901238765432', '88 Nguyễn Thị Minh Khai, Huế', 110, '1992-08-15 00:00:00', 'ngothim1@gmail.com', 'Thị', 0, 'Ngô', '0994567893'),
                                                                                                                                 ('C020', '012349876543', '110 Lê Đại Hành, Nha Trang', 220, '1990-11-10 00:00:00', 'truongvanh1@gmail.com', 'Văn', 1, 'Trương', '0905678905'),
                                                                                                                                 ('C021', '123450123456', '132 Nguyễn Huệ, Hải Phòng', 160, '1993-04-25 00:00:00', 'dothin1@gmail.com', 'Thị', 0, 'Đỗ', '0916789016'),
                                                                                                                                 ('C022', '234561234567', '154 Trần Phú, Cần Thơ', 40, '1985-01-30 00:00:00', 'phamvano1@gmail.com', 'Văn', 1, 'Phạm', '0927890127'),
                                                                                                                                 ('C023', '345672345678', '176 Hùng Vương, Vũng Tàu', 0, '1997-12-05 00:00:00', 'lethip1@gmail.com', 'Thị', 0, 'Lê', '0938901238'),
                                                                                                                                 ('C024', '456783456789', '198 Nguyễn Văn Linh, Hà Nội', 190, '1989-02-20 00:00:00', 'nguyenvanq1@gmail.com', 'Văn', 1, 'Nguyễn', '0949012349'),
                                                                                                                                 ('C025', '567894567890', '220 Lý Thường Kiệt, TP.HCM', 60, '1987-06-15 00:00:00', 'tranthing2@gmail.com', 'Thị', 0, 'Trần', '0950123460'),
                                                                                                                                 ('C026', '678905678901', '242 Điện Biên Phủ, Đà Nẵng', 140, '1994-09-10 00:00:00', 'hoangvanh2@gmail.com', 'Văn', 1, 'Hoàng', '0961234561'),
                                                                                                                                 ('C027', '789016789012', '264 Nguyễn Du, Huế', 80, '1986-11-05 00:00:00', 'vuthir1@gmail.com', 'Thị', 0, 'Vũ', '0972345672'),
                                                                                                                                 ('C028', '890127890123', '286 Lê Lợi, Nha Trang', 30, '1998-02-20 00:00:00', 'buitrungs1@gmail.com', 'Trung', 1, 'Bùi', '0983456783'),
                                                                                                                                 ('C029', '901238901234', '308 Nguyễn Thị Minh Khai, Hải Phòng', 100, '1991-07-15 00:00:00', 'ngothit1@gmail.com', 'Thị', 0, 'Ngô', '0994567894'),
                                                                                                                                 ('C030', '012349012345', '330 Lê Đại Hành, Cần Thơ', 230, '1989-10-10 00:00:00', 'truongvani1@gmail.com', 'Văn', 1, 'Trương', '0905678906'),
                                                                                                                                 ('C031', '123450234567', '352 Nguyễn Huệ, Vũng Tàu', 170, '1993-03-25 00:00:00', 'dothiu1@gmail.com', 'Thị', 0, 'Đỗ', '0916789017'),
                                                                                                                                 ('C032', '234561345678', '374 Trần Phú, Hà Nội', 50, '1985-12-30 00:00:00', 'phamvanp1@gmail.com', 'Văn', 1, 'Phạm', '0927890128'),
                                                                                                                                 ('C033', '345672456789', '396 Hùng Vương, TP.HCM', 0, '1997-01-05 00:00:00', 'lethiq1@gmail.com', 'Thị', 0, 'Lê', '0938901239'),
                                                                                                                                 ('C034', '456783567890', '418 Nguyễn Văn Linh, Đà Nẵng', 200, '1989-04-20 00:00:00', 'nguyenvanr1@gmail.com', 'Văn', 1, 'Nguyễn', '0949012350'),
                                                                                                                                 ('C035', '567894678901', '440 Lý Thường Kiệt, Huế', 70, '1987-08-15 00:00:00', 'tranthing3@gmail.com', 'Thị', 0, 'Trần', '0950123461');
INSERT INTO room_type (type_id, description, type_name) VALUES
                                                            ('RT001', 'Phòng tiêu chuẩn với 1 giường đôi, thích hợp cho cặp đôi', 'Phòng Đôi Tiêu Chuẩn'),
                                                            ('RT002', 'Phòng cao cấp với 2 giường đơn, có ban công', 'Phòng Đôi Cao Cấp'),
                                                            ('RT003', 'Phòng VIP với giường king, bồn tắm và view biển', 'Phòng VIP'),
                                                            ('RT004', 'Phòng gia đình với 2 giường đôi, thích hợp cho 4 người', 'Phòng Gia Đình'),
                                                            ('RT005', 'Phòng đơn nhỏ gọn, thích hợp cho khách đi công tác', 'Phòng Đơn');
INSERT INTO rooms (room_id, capacity, floor, hourly_base_rate, max_hours, min_hours, price, room_image, room_size, standard_checkout_hour, status, type_id) VALUES
                                                                                                                                                                ('R001', 2, 1, 100000, 12, 2, 500000, '/images/room001.jpg', 20.5, 12, 1, 'RT001'),
                                                                                                                                                                ('R002', 2, 2, 120000, 12, 2, 600000, '/images/room002.jpg', 22.0, 12, 1, 'RT002'),
                                                                                                                                                                ('R003', 2, 3, 150000, 12, 2, 800000, '/images/room003.jpg', 25.0, 12, 1, 'RT003'),
                                                                                                                                                                ('R004', 4, 4, 180000, 12, 2, 1000000, '/images/room004.jpg', 30.0, 12, 1, 'RT004'),
                                                                                                                                                                ('R005', 1, 5, 80000, 12, 2, 400000, '/images/room005.jpg', 15.0, 12, 1, 'RT005'),
                                                                                                                                                                ('R006', 2, 1, 100000, 12, 2, 500000, '/images/room006.jpg', 20.5, 12, 1, 'RT001'),
                                                                                                                                                                ('R007', 2, 2, 120000, 12, 2, 600000, '/images/room007.jpg', 22.0, 12, 1, 'RT002'),
                                                                                                                                                                ('R008', 2, 3, 150000, 12, 2, 800000, '/images/room008.jpg', 25.0, 12, 1, 'RT003'),
                                                                                                                                                                ('R009', 4, 4, 180000, 12, 2, 1000000, '/images/room009.jpg', 30.0, 12, 1, 'RT004'),
                                                                                                                                                                ('R010', 1, 5, 80000, 12, 2, 400000, '/images/room010.jpg', 15.0, 12, 1, 'RT005'),
                                                                                                                                                                ('R011', 2, 1, 100000, 12, 2, 500000, '/images/room011.jpg', 20.5, 12, 0, 'RT001'),
                                                                                                                                                                ('R012', 2, 2, 120000, 12, 2, 600000, '/images/room012.jpg', 22.0, 12, 0, 'RT002'),
                                                                                                                                                                ('R013', 2, 3, 150000, 12, 2, 800000, '/images/room013.jpg', 25.0, 12, 0, 'RT003'),
                                                                                                                                                                ('R014', 4, 4, 180000, 12, 2, 1000000, '/images/room014.jpg', 30.0, 12, 0, 'RT004'),
                                                                                                                                                                ('R015', 1, 5, 80000, 12, 2, 400000, '/images/room015.jpg', 15.0, 12, 0, 'RT005'),
                                                                                                                                                                ('R016', 2, 1, 100000, 12, 2, 500000, '/images/room016.jpg', 20.5, 12, 0, 'RT001'),
                                                                                                                                                                ('R017', 2, 2, 120000, 12, 2, 600000, '/images/room017.jpg', 22.0, 12, 0, 'RT002'),
                                                                                                                                                                ('R018', 2, 3, 150000, 12, 2, 800000, '/images/room018.jpg', 25.0, 12, 0, 'RT003'),
                                                                                                                                                                ('R019', 4, 4, 180000, 12, 2, 1000000, '/images/room019.jpg', 30.0, 12, 0, 'RT004'),
                                                                                                                                                                ('R020', 1, 5, 80000, 12, 2, 400000, '/images/room020.jpg', 15.0, 12, 0, 'RT005');
INSERT INTO amentities (room_id, amentities) VALUES
                                                 ('R001', 'Wi-Fi miễn phí'), ('R001', 'Điều hòa'), ('R001', 'TV màn hình phẳng'),
                                                 ('R002', 'Wi-Fi miễn phí'), ('R002', 'Ban công'), ('R002', 'Tủ lạnh'),
                                                 ('R003', 'Wi-Fi miễn phí'), ('R003', 'Bồn tắm'), ('R003', 'View biển'),
                                                 ('R004', 'Wi-Fi miễn phí'), ('R004', 'Điều hòa'), ('R004', 'Bàn ăn'),
                                                 ('R005', 'Wi-Fi miễn phí'), ('R005', 'Bàn làm việc'), ('R005', 'TV màn hình phẳng'),
                                                 ('R006', 'Wi-Fi miễn phí'), ('R006', 'Điều hòa'), ('R006', 'TV màn hình phẳng'),
                                                 ('R007', 'Wi-Fi miễn phí'), ('R007', 'Ban công'), ('R007', 'Tủ lạnh'),
                                                 ('R008', 'Wi-Fi miễn phí'), ('R008', 'Bồn tắm'), ('R008', 'View biển'),
                                                 ('R009', 'Wi-Fi miễn phí'), ('R009', 'Điều hòa'), ('R009', 'Bàn ăn'),
                                                 ('R010', 'Wi-Fi miễn phí'), ('R010', 'Bàn làm việc'), ('R010', 'TV màn hình phẳng'),
                                                 ('R011', 'Wi-Fi miễn phí'), ('R011', 'Điều hòa'),
                                                 ('R012', 'Wi-Fi miễn phí'), ('R012', 'Ban công'),
                                                 ('R013', 'Wi-Fi miễn phí'), ('R013', 'Bồn tắm'), ('R013', 'View biển'),
                                                 ('R014', 'Wi-Fi miễn phí'), ('R014', 'Điều hòa'), ('R014', 'Bàn ăn'),
                                                 ('R015', 'Wi-Fi miễn phí'), ('R015', 'Bàn làm việc'),
                                                 ('R016', 'Wi-Fi miễn phí'), ('R016', 'Điều hòa'), ('R016', 'TV màn hình phẳng'),
                                                 ('R017', 'Wi-Fi miễn phí'), ('R017', 'Ban công'), ('R017', 'Tủ lạnh'),
                                                 ('R018', 'Wi-Fi miễn phí'), ('R018', 'Bồn tắm'),
                                                 ('R019', 'Wi-Fi miễn phí'), ('R019', 'Điều hòa'), ('R019', 'Bàn ăn'),
                                                 ('R020', 'Wi-Fi miễn phí'), ('R020', 'Bàn làm việc'), ('R020', 'TV màn hình phẳng');
INSERT INTO hourly_price_rules (room_id, multiplier, hour_range) VALUES
                                                                     ('R001', 1.0, '06:00-18:00'), ('R001', 1.2, '18:00-06:00'),
                                                                     ('R002', 1.0, '06:00-18:00'), ('R002', 1.3, '18:00-06:00'),
                                                                     ('R003', 1.0, '06:00-18:00'), ('R003', 1.4, '18:00-06:00'),
                                                                     ('R004', 1.0, '06:00-18:00'), ('R004', 1.2, '18:00-06:00'),
                                                                     ('R005', 1.0, '06:00-18:00'), ('R005', 1.1, '18:00-06:00'),
                                                                     ('R006', 1.0, '06:00-18:00'), ('R006', 1.2, '18:00-06:00'),
                                                                     ('R007', 1.0, '06:00-18:00'), ('R007', 1.3, '18:00-06:00'),
                                                                     ('R008', 1.0, '06:00-18:00'), ('R008', 1.4, '18:00-06:00'),
                                                                     ('R009', 1.0, '06:00-18:00'), ('R009', 1.2, '18:00-06:00'),
                                                                     ('R010', 1.0, '06:00-18:00'), ('R010', 1.1, '18:00-06:00'),
                                                                     ('R011', 1.0, '06:00-18:00'), ('R011', 1.2, '18:00-06:00'),
                                                                     ('R012', 1.0, '06:00-18:00'), ('R012', 1.3, '18:00-06:00'),
                                                                     ('R013', 1.0, '06:00-18:00'), ('R013', 1.4, '18:00-06:00'),
                                                                     ('R014', 1.0, '06:00-18:00'), ('R014', 1.2, '18:00-06:00'),
                                                                     ('R015', 1.0, '06:00-18:00'), ('R015', 1.1, '18:00-06:00'),
                                                                     ('R016', 1.0, '06:00-18:00'), ('R016', 1.2, '18:00-06:00'),
                                                                     ('R017', 1.0, '06:00-18:00'), ('R017', 1.3, '18:00-06:00'),
                                                                     ('R018', 1.0, '06:00-18:00'), ('R018', 1.4, '18:00-06:00'),
                                                                     ('R019', 1.0, '06:00-18:00'), ('R019', 1.2, '18:00-06:00'),
                                                                     ('R020', 1.0, '06:00-18:00'), ('R020', 1.1, '18:00-06:00');
INSERT INTO services (service_id, availability, description, name, price) VALUES
                                                                              (1, 1, 'Nước suối đóng chai 500ml', 'Nước suối', 20000),
                                                                              (2, 1, 'Bia Tiger chai 330ml', 'Bia Tiger', 30000),
                                                                              (3, 1, 'Giặt là quần áo theo kg', 'Giặt là', 50000),
                                                                              (4, 1, 'Combo ăn sáng buffet', 'Bữa sáng', 100000),
                                                                              (5, 1, 'Thuê xe máy 24 giờ', 'Thuê xe máy', 150000);
INSERT INTO staffs (staff_id, address, date_of_birth, date_of_join, email, first_name, gender, last_name, staff_image, status) VALUES
                                                                                                                                   ('ST001', '123 Nguyễn Trãi, Hà Nội', '1990-03-10 00:00:00', '2020-01-01 00:00:00', 'tranb@hotel.com', 'Thị', 0, 'Trần', '/images/staff001.jpg', 1),
                                                                                                                                   ('ST002', '456 Lê Văn Sỹ, TP.HCM', '1988-07-15 00:00:00', '2019-06-01 00:00:00', 'nguyenc@hotel.com', 'Văn', 1, 'Nguyễn', '/images/staff002.jpg', 1),
                                                                                                                                   ('ST003', '789 Trần Hưng Đạo, Đà Nẵng', '1992-11-20 00:00:00', '2021-03-01 00:00:00', 'lethid@hotel.com', 'Thị', 0, 'Lê', '/images/staff003.jpg', 1),
                                                                                                                                   ('ST004', '101 Hai Bà Trưng, Huế', '1985-05-25 00:00:00', '2018-09-01 00:00:00', 'phame@hotel.com', 'Đình', 1, 'Phạm', '/images/staff004.jpg', 1),
                                                                                                                                   ('ST005', '202 Trần Phú, Nha Trang', '1995-09-30 00:00:00', '2022-01-01 00:00:00', 'hoangf@hotel.com', 'Văn', 1, 'Hoàng', '/images/staff005.jpg', 1);
INSERT INTO phones (staff_id, phones) VALUES
                                          ('ST001', '0901234567'), ('ST001', '0912345678'),
                                          ('ST002', '0923456789'),
                                          ('ST003', '0934567890'),
                                          ('ST004', '0945678901'),
                                          ('ST005', '0956789012');
INSERT INTO accounts (username, password, role, staff_id) VALUES
                                                              ('staff1', 'staff1', 'STAFF', 'ST002'),
                                                              ('staff2', 'staff2', 'STAFF', 'ST003'),
                                                              ('staff3', 'staff3', 'STAFF', 'ST004'),
                                                              ('staff4', 'staff4', 'STAFF', 'ST005'),
                                                              ('admin', 'admin', 'MANAGER', 'ST001');
# INSERT INTO orders (order_id, check_in_date, check_in_time, check_out_date, check_out_time, deposit_amount, number_of_nights, order_date, overstay_fee, paymentMethod, remaining_amount, service_fee, status, tax_amount, total_price, customer_id, room_id, staff_id, duration_hours) VALUES
# -- Tháng 1/2024
# ('O001', '2024-01-01 14:00:00', NULL, '2024-01-03 12:00:00', NULL, 300000, 2, '2024-01-03 14:00:00', 0, 'CASH', 750000, 10000, 1, 100000, 1000000, 'C001', 'R001', 'ST001', 0),
# ('O002', '2024-01-02 14:00:00', NULL, '2024-01-04 12:00:00', NULL, 360000, 2, '2024-01-04 14:00:00', 0, 'CREDIT_CARD', 900000, 12000, 1, 120000, 1200000, 'C002', 'R002', 'ST002', 0),
# ('O003', NULL, '2024-01-03 14:00:00', NULL, '2024-01-03 18:00:00', 60000, NULL, '2024-01-03 18:00:00', 0, 'CASH', 190000, 2000, 1, 20000, 200000, 'C003', 'R001', 'ST003', 4),
# ('O004', '2024-01-04 14:00:00', NULL, '2024-01-06 12:00:00', NULL, 600000, 2, '2024-01-06 14:00:00', 0, 'BANK_TRANSFER', 1500000, 20000, 1, 200000, 2000000, 'C004', 'R004', 'ST004', 0),
# ('O005', '2024-01-05 14:00:00', NULL, '2024-01-06 12:00:00', NULL, 120000, 1, '2024-01-06 12:00:00', 0, 'E_WALLET', 300000, 4000, 1, 40000, 400000, 'C005', 'R005', 'ST005', 0),
# -- Tháng 2/2024
# ('O006', '2024-02-01 14:00:00', NULL, '2024-02-03 12:00:00', NULL, 300000, 2, '2024-02-03 14:00:00', 0, 'CASH', 750000, 10000, 1, 100000, 1000000, 'C006', 'R006', 'ST001', 0),
# ('O007', '2024-02-02 14:00:00', NULL, '2024-02-04 12:00:00', NULL, 360000, 2, '2024-02-04 14:00:00', 0, 'CREDIT_CARD', 900000, 12000, 1, 120000, 1200000, 'C007', 'R007', 'ST002', 0),
# ('O008', NULL, '2024-02-03 14:00:00', NULL, '2024-02-03 18:00:00', 60000, NULL, '2024-02-03 18:00:00', 0, 'CASH', 190000, 2000, 1, 20000, 200000, 'C008', 'R006', 'ST003', 4),
# ('O009', '2024-02-04 14:00:00', NULL, '2024-02-06 12:00:00', NULL, 600000, 2, '2024-02-06 14:00:00', 0, 'BANK_TRANSFER', 1500000, 20000, 1, 200000, 2000000, 'C009', 'R009', 'ST004', 0),
# ('O010', '2024-02-05 14:00:00', NULL, '2024-02-06 12:00:00', NULL, 120000, 1, '2024-02-06 12:00:00', 0, 'E_WALLET', 300000, 4000, 1, 40000, 400000, 'C010', 'R010', 'ST005', 0),
# -- Tháng 3/2024
# ('O011', '2024-03-01 14:00:00', NULL, '2024-03-03 12:00:00', NULL, 300000, 2, '2024-03-03 14:00:00', 0, 'CASH', 750000, 10000, 1, 100000, 1000000, 'C011', 'R011', 'ST001', 0),
# ('O012', '2024-03-02 14:00:00', NULL, '2024-03-04 12:00:00', NULL, 360000, 2, '2024-03-04 14:00:00', 0, 'CREDIT_CARD', 900000, 12000, 1, 120000, 1200000, 'C012', 'R012', 'ST002', 0),
# ('O013', NULL, '2024-03-03 14:00:00', NULL, '2024-03-03 18:00:00', 60000, NULL, '2024-03-03 18:00:00', 0, 'CASH', 190000, 2000, 1, 20000, 200000, 'C013', 'R011', 'ST003', 4),
# ('O014', '2024-03-04 14:00:00', NULL, '2024-03-06 12:00:00', NULL, 600000, 2, '2024-03-06 14:00:00', 0, 'BANK_TRANSFER', 1500000, 20000, 1, 200000, 2000000, 'C014', 'R014', 'ST004', 0),
# ('O015', '2024-03-05 14:00:00', NULL, '2024-03-06 12:00:00', NULL, 120000, 1, '2024-03-06 12:00:00', 0, 'E_WALLET', 300000, 4000, 1, 40000, 400000, 'C015', 'R015', 'ST005', 0),
# -- Tháng 4/2024
# ('O016', '2024-04-01 14:00:00', NULL, '2024-04-03 12:00:00', NULL, 300000, 2, '2024-04-03 14:00:00', 0, 'CASH', 750000, 10000, 1, 100000, 1000000, 'C016', 'R016', 'ST001', 0),
# ('O017', '2024-04-02 14:00:00', NULL, '2024-04-04 12:00:00', NULL, 360000, 2, '2024-04-04 14:00:00', 0, 'CREDIT_CARD', 900000, 12000, 1, 120000, 1200000, 'C017', 'R017', 'ST002', 0),
# ('O018', NULL, '2024-04-03 14:00:00', NULL, '2024-04-03 18:00:00', 60000, NULL, '2024-04-03 18:00:00', 0, 'CASH', 190000, 2000, 1, 20000, 200000, 'C018', 'R016', 'ST003', 4),
# ('O019', '2024-04-04 14:00:00', NULL, '2024-04-06 12:00:00', NULL, 600000, 2, '2024-04-06 14:00:00', 0, 'BANK_TRANSFER', 1500000, 20000, 1, 200000, 2000000, 'C019', 'R019', 'ST004', 0),
# ('O020', '2024-04-05 14:00:00', NULL, '2024-04-06 12:00:00', NULL, 120000, 1, '2024-04-06 12:00:00', 0, 'E_WALLET', 300000, 4000, 1, 40000, 400000, 'C020', 'R020', 'ST005', 0),
# -- Tháng 5/2024
# ('O021', '2024-05-01 14:00:00', NULL, '2024-05-03 12:00:00', NULL, 300000, 2, '2024-05-03 14:00:00', 0, 'CASH', 750000, 10000, 1, 100000, 1000000, 'C021', 'R001', 'ST001', 0),
# ('O022', '2024-05-02 14:00:00', NULL, '2024-05-04 12:00:00', NULL, 360000, 2, '2024-05-04 14:00:00', 0, 'CREDIT_CARD', 900000, 12000, 1, 120000, 1200000, 'C022', 'R002', 'ST002', 0),
# ('O023', NULL, '2024-05-03 14:00:00', NULL, '2024-05-03 18:00:00', 60000, NULL, '2024-05-03 18:00:00', 0, 'CASH', 190000, 2000, 1, 20000, 200000, 'C023', 'R001', 'ST003', 4),
# ('O024', '2024-05-04 14:00:00', NULL, '2024-05-06 12:00:00', NULL, 600000, 2, '2024-05-06 14:00:00', 0, 'BANK_TRANSFER', 1500000, 20000, 1, 200000, 2000000, 'C024', 'R004', 'ST004', 0),
# ('O025', '2024-05-05 14:00:00', NULL, '2024-05-06 12:00:00', NULL, 120000, 1, '2024-05-06 12:00:00', 0, 'E_WALLET', 300000, 4000, 1, 40000, 400000, 'C025', 'R005', 'ST005', 0),
# -- Tháng 6/2024
# ('O026', '2024-06-01 14:00:00', NULL, '2024-06-03 12:00:00', NULL, 300000, 2, '2024-06-03 14:00:00', 0, 'CASH', 750000, 10000, 1, 100000, 1000000, 'C026', 'R006', 'ST001', 0),
# ('O027', '2024-06-02 14:00:00', NULL, '2024-06-04 12:00:00', NULL, 360000, 2, '2024-06-04 14:00:00', 0, 'CREDIT_CARD', 900000, 12000, 1, 120000, 1200000, 'C027', 'R007', 'ST002', 0),
# ('O028', NULL, '2024-06-03 14:00:00', NULL, '2024-06-03 18:00:00', 60000, NULL, '2024-06-03 18:00:00', 0, 'CASH', 190000, 2000, 1, 20000, 200000, 'C028', 'R006', 'ST003', 4),
# ('O029', '2024-06-04 14:00:00', NULL, '2024-06-06 12:00:00', NULL, 600000, 2, '2024-06-06 14:00:00', 0, 'BANK_TRANSFER', 1500000, 20000, 1, 200000, 2000000, 'C029', 'R009', 'ST004', 0),
# ('O030', '2024-06-05 14:00:00', NULL, '2024-06-06 12:00:00', NULL, 120000, 1, '2024-06-06 12:00:00', 0, 'E_WALLET', 300000, 4000, 1, 40000, 400000, 'C030', 'R010', 'ST005', 0),
# -- Tháng 7/2024
# ('O031', '2024-07-01 14:00:00', NULL, '2024-07-03 12:00:00', NULL, 300000, 2, '2024-07-03 14:00:00', 0, 'CASH', 750000, 10000, 1, 100000, 1000000, 'C031', 'R011', 'ST001', 0),
# ('O032', '2024-07-02 14:00:00', NULL, '2024-07-04 12:00:00', NULL, 360000, 2, '2024-07-04 14:00:00', 0, 'CREDIT_CARD', 900000, 12000, 1, 120000, 1200000, 'C032', 'R012', 'ST002', 0),
# ('O033', NULL, '2024-07-03 14:00:00', NULL, '2024-07-03 18:00:00', 60000, NULL, '2024-07-03 18:00:00', 0, 'CASH', 190000, 2000, 1, 20000, 200000, 'C033', 'R011', 'ST003', 4),
# ('O034', '2024-07-04 14:00:00', NULL, '2024-07-06 12:00:00', NULL, 600000, 2, '2024-07-06 14:00:00', 0, 'BANK_TRANSFER', 1500000, 20000, 1, 200000, 2000000, 'C034', 'R014', 'ST004', 0),
# ('O035', '2024-07-05 14:00:00', NULL, '2024-07-06 12:00:00', NULL, 120000, 1, '2024-07-06 12:00:00', 0, 'E_WALLET', 300000, 4000, 1, 40000, 400000, 'C035', 'R015', 'ST005', 0),
# -- Tháng 8/2024
# ('O036', '2024-08-01 14:00:00', NULL, '2024-08-03 12:00:00', NULL, 300000, 2, '2024-08-03 14:00:00', 0, 'CASH', 750000, 10000, 1, 100000, 1000000, 'C001', 'R016', 'ST001', 0),
# ('O037', '2024-08-02 14:00:00', NULL, '2024-08-04 12:00:00', NULL, 360000, 2, '2024-08-04 14:00:00', 0, 'CREDIT_CARD', 900000, 12000, 1, 120000, 1200000, 'C002', 'R017', 'ST002', 0),
# ('O038', NULL, '2024-08-03 14:00:00', NULL, '2024-08-03 18:00:00', 60000, NULL, '2024-08-03 18:00:00', 0, 'CASH', 190000, 2000, 1, 20000, 200000, 'C003', 'R016', 'ST003', 4),
# ('O039', '2024-08-04 14:00:00', NULL, '2024-08-06 12:00:00', NULL, 600000, 2, '2024-08-06 14:00:00', 0, 'BANK_TRANSFER', 1500000, 20000, 1, 200000, 2000000, 'C004', 'R019', 'ST004', 0),
# ('O040', '2024-08-05 14:00:00', NULL, '2024-08-06 12:00:00', NULL, 120000, 1, '2024-08-06 12:00:00', 0, 'E_WALLET', 300000, 4000, 1, 40000, 400000, 'C005', 'R020', 'ST005', 0),
# -- Tháng 9/2024
# ('O041', '2024-09-01 14:00:00', NULL, '2024-09-03 12:00:00', NULL, 300000, 2, '2024-09-03 14:00:00', 0, 'CASH', 750000, 10000, 1, 100000, 1000000, 'C006', 'R001', 'ST001', 0),
# ('O042', '2024-09-02 14:00:00', NULL, '2024-09-04 12:00:00', NULL, 360000, 2, '2024-09-04 14:00:00', 0, 'CREDIT_CARD', 900000, 12000, 1, 120000, 1200000, 'C007', 'R002', 'ST002', 0),
# ('O043', NULL, '2024-09-03 14:00:00', NULL, '2024-09-03 18:00:00', 60000, NULL, '2024-09-03 18:00:00', 0, 'CASH', 190000, 2000, 1, 20000, 200000, 'C008', 'R001', 'ST003', 4),
# ('O044', '2024-09-04 14:00:00', NULL, '2024-09-06 12:00:00', NULL, 600000, 2, '2024-09-06 14:00:00', 0, 'BANK_TRANSFER', 1500000, 20000, 1, 200000, 2000000, 'C009', 'R004', 'ST004', 0),
# ('O045', '2024-09-05 14:00:00', NULL, '2024-09-06 12:00:00', NULL, 120000, 1, '2024-09-06 12:00:00', 0, 'E_WALLET', 300000, 4000, 1, 40000, 400000, 'C010', 'R005', 'ST005', 0),
# -- Tháng 10/2024
# ('O046', '2024-10-01 14:00:00', NULL, '2024-10-03 12:00:00', NULL, 300000, 2, '2024-10-03 14:00:00', 0, 'CASH', 750000, 10000, 1, 100000, 1000000, 'C011', 'R006', 'ST001', 0),
# ('O047', '2024-10-02 14:00:00', NULL, '2024-10-04 12:00:00', NULL, 360000, 2, '2024-10-04 14:00:00', 0, 'CREDIT_CARD', 900000, 12000, 1, 120000, 1200000, 'C012', 'R007', 'ST002', 0),
# ('O048', NULL, '2024-10-03 14:00:00', NULL, '2024-10-03 18:00:00', 60000, NULL, '2024-10-03 18:00:00', 0, 'CASH', 190000, 2000, 1, 20000, 200000, 'C013', 'R006', 'ST003', 4),
# ('O049', '2024-10-04 14:00:00', NULL, '2024-10-06 12:00:00', NULL, 600000, 2, '2024-10-06 14:00:00', 0, 'BANK_TRANSFER', 1500000, 20000, 1, 200000, 2000000, 'C014', 'R009', 'ST004', 0),
# ('O050', '2024-10-05 14:00:00', NULL, '2024-10-06 12:00:00', NULL, 120000, 1, '2024-10-06 12:00:00', 0, 'E_WALLET', 300000, 4000, 1, 40000, 400000, 'C015', 'R010', 'ST005', 0);
# INSERT INTO order_details (order_id, service_id, line_total_amount, quantity) VALUES
#                                                                                   ('O001', 1, 40000, 2), ('O001', 2, 30000, 1),
#                                                                                   ('O002', 4, 100000, 1),
#                                                                                   ('O003', 1, 20000, 1),
#                                                                                   ('O004', 3, 100000, 2), ('O004', 4, 200000, 2),
#                                                                                   ('O005', 5, 150000, 1),
#                                                                                   ('O006', 1, 40000, 2),
#                                                                                   ('O007', 4, 100000, 1), ('O007', 2, 60000, 2),
#                                                                                   ('O008', 1, 20000, 1),
#                                                                                   ('O009', 3, 100000, 2),
#                                                                                   ('O010', 5, 150000, 1),
#                                                                                   ('O011', 1, 40000, 2), ('O011', 2, 30000, 1),
#                                                                                   ('O012', 4, 100000, 1),
#                                                                                   ('O013', 1, 20000, 1),
#                                                                                   ('O014', 3, 100000, 2), ('O014', 4, 200000, 2),
#                                                                                   ('O015', 5, 150000, 1),
#                                                                                   ('O016', 1, 40000, 2),
#                                                                                   ('O017', 4, 100000, 1), ('O017', 2, 60000, 2),
#                                                                                   ('O018', 1, 20000, 1),
#                                                                                   ('O019', 3, 100000, 2),
#                                                                                   ('O020', 5, 150000, 1),
#                                                                                   ('O021', 1, 40000, 2), ('O021', 2, 30000, 1),
#                                                                                   ('O022', 4, 100000, 1),
#                                                                                   ('O023', 1, 20000, 1),
#                                                                                   ('O024', 3, 100000, 2), ('O024', 4, 200000, 2),
#                                                                                   ('O025', 5, 150000, 1),
#                                                                                   ('O026', 1, 40000, 2),
#                                                                                   ('O027', 4, 100000, 1), ('O027', 2, 60000, 2),
#                                                                                   ('O028', 1, 20000, 1),
#                                                                                   ('O029', 3, 100000, 2),
#                                                                                   ('O030', 5, 150000, 1),
#                                                                                   ('O031', 1, 40000, 2), ('O031', 2, 30000, 1),
#                                                                                   ('O032', 4, 100000, 1),
#                                                                                   ('O033', 1, 20000, 1),
#                                                                                   ('O034', 3, 100000, 2), ('O034', 4, 200000, 2),
#                                                                                   ('O035', 5, 150000, 1),
#                                                                                   ('O036', 1, 40000, 2),
#                                                                                   ('O037', 4, 100000, 1), ('O037', 2, 60000, 2),
#                                                                                   ('O038', 1, 20000, 1),
#                                                                                   ('O039', 3, 100000, 2),
#                                                                                   ('O040', 5, 150000, 1),
#                                                                                   ('O041', 1, 40000, 2), ('O041', 2, 30000, 1),
#                                                                                   ('O042', 4, 100000, 1),
#                                                                                   ('O043', 1, 20000, 1),
#                                                                                   ('O044', 3, 100000, 2), ('O044', 4, 200000, 2),
#                                                                                   ('O045', 5, 150000, 1),
#                                                                                   ('O046', 1, 40000, 2),
#                                                                                   ('O047', 4, 100000, 1), ('O047', 2, 60000, 2),
#                                                                                   ('O048', 1, 20000, 1),
#                                                                                   ('O049', 3, 100000, 2),
#                                                                                   ('O050', 5, 150000, 1);